,min,max,mean,std
OFS_FIB_MDF,0.088709072791985,0.938208359624902,0.23859848003663847,0.1625346327298439
OFS_FIB_MNF,5.66670307116638e-05,1.69331124051659,0.31856107519270427,0.37459661314213677
EMG_EMG_MDF,0.0800250097872746,1.1672005936707,0.22227861642681968,0.1562447894073339
IMU2_AccX_Mean,-3.20198491970412,106.888695169953,15.93330189938578,18.84108837569726
OFS_FIB_IMNF,0.634103425999247,7.47543700996297,1.257906358982068,0.8219611085308073
IMU2_AccX_RMS,4.81513746475695,145.411542599222,21.598667894626583,20.469998300476885
IMU2_AccX_StdDev,0.14166011248907,221.741736104427,15.499692797258277,24.535575708590137
EMG_EMG_IMNF,5.80941039734609,52.7132421308289,9.400967026772362,6.779207296961331
IMU2_AccZ_RMS,4.85766903557068,593.111457829729,21.438511205408066,40.373631767599285
IMU2_GyroY_RMS,2.23849820687871,3754.71112077221,216.43830761749697,396.8959281890561
fatigue_level,2.0,2.0,2.0,0.0
